--
CREATE DATABASE onlineShop_b CHARACTER SET utf8 COLLATE utf8_Unicode_ci;
--

-- --------------------------------------------------------

USE onlineshop_b;

--
-- Table structure for table `booking`
--

CREATE TABLE `booking` (
  `id` int(11) NOT NULL,
  `booking_date` timestamp NOT NULL DEFAULT current_timestamp() ON UPDATE current_timestamp(),
  `user_id` int(11) NOT NULL,
  `product_id` int(11) NOT NULL,
  `amount` int(11) NOT NULL,
  `processed` tinyint(4) NOT NULL
) ENGINE=InnoDB DEFAULT CHARSET=utf8 COLLATE=utf8_unicode_ci;

--
-- Dumping data for table `booking`
--

INSERT INTO `booking` (`id`, `booking_date`, `user_id`, `product_id`, `amount`, `processed`) VALUES
(1, '2020-01-13 03:55:23', 2, 123, 1, 1),
(2, '2020-01-13 03:55:45', 22, 31, 2, 1);

-- --------------------------------------------------------

--
-- Table structure for table `category`
--

CREATE TABLE `category` (
  `id` int(11) NOT NULL,
  `parent_id` int(11) NOT NULL,
  `name` varchar(59) COLLATE utf8_unicode_ci NOT NULL
) ENGINE=InnoDB DEFAULT CHARSET=utf8 COLLATE=utf8_unicode_ci;

--
-- Dumping data for table `category`
--

INSERT INTO `category` (`id`, `parent_id`, `name`) VALUES
(1, 0, 'Computer'),
(2, 20, 'Lens'),
(3, 0, 'Food'),
(4, 3, 'Fruits'),
(5, 7, 'Off Road'),
(6, 7, 'Sedan'),
(7, 0, 'Cars'),
(8, 1, 'Printer'),
(9, 29, 'Tools'),
(10, 20, 'Memory Card'),
(11, 1, 'Desktop Computer'),
(12, 3, 'Fish'),
(13, 3, 'Meat'),
(14, 3, 'Vegetables'),
(15, 0, 'Hobby'),
(16, 15, 'Tropical Fish'),
(17, 7, 'Sports Cars'),
(18, 1, 'Accessories'),
(19, 7, 'Classic Cars'),
(20, 0, 'Camera'),
(21, 0, 'Audio Visual'),
(22, 15, 'Butterfly'),
(23, 31, 'Sculptures'),
(24, 1, 'Notebook Computer'),
(25, 21, 'Equipments'),
(26, 0, 'Others'),
(27, 29, 'Furniture'),
(28, 31, 'Paintings'),
(29, 0, 'Household'),
(30, 20, 'Digital Camera'),
(32, 21, 'Instruments'),
(33, 29, 'Watch & Clock'),
(34, 20, 'Camera Accessories'),
(35, 21, 'CD'),
(36, 21, 'DVD'),
(37, 1, 'Computer Display');

-- --------------------------------------------------------

--
-- Table structure for table `product`
--

CREATE TABLE `product` (
  `id` int(11) NOT NULL,
  `category_id` int(11) NOT NULL,
  `name` varchar(50) COLLATE utf8_unicode_ci NOT NULL,
  `description` text COLLATE utf8_unicode_ci NOT NULL,
  `price` decimal(10,2) NOT NULL,
  `stock` int(11) NOT NULL,
  `picture` varchar(50) COLLATE utf8_unicode_ci NOT NULL
) ENGINE=InnoDB DEFAULT CHARSET=utf8 COLLATE=utf8_unicode_ci;

--
-- Dumping data for table `product`
--

INSERT INTO `product` (`id`, `category_id`, `name`, `description`, `price`, `stock`, `picture`) VALUES
(1, 10, 'Fujifilm xD Picture Card', '2GB', '2000.00', 22, '2gbxd-front.gif'),
(2, 10, 'Sony Memory Stick', 'Pro Duo 8GB. The largest capacity of Memory Stick from Sony.', '12500.00', 7, '8gbmsduo.gif'),
(4, 2, 'Nikon Zoom Nikkor DX', '18-70mm F3.5-5.6. High performance compact zoom lens for Nikon D50-200', '31000.00', 2, '18-70dx-front.gif'),
(5, 10, 'Lexar SD Card 133x Speed', '2GB', '1500.00', 23, '133xsd-front.gif'),
(7, 16, 'Yellow Flag Fish', 'Beautiful Tropical Fish', '250.00', 11, 'AN00428_.jpg'),
(9, 12, 'Mackel', 'Delicious mackel from north sea', '490.00', 36, 'AN00433_.jpg'),
(10, 16, 'Fat Goldfish', 'Standard Japanese Golden Fish', '80.00', 48, 'AN00437_.jpg'),
(11, 12, 'Crawfish', 'Big lake crawfish from Ishkkul Lake', '40.00', 120, 'AN00565_.jpg'),
(12, 22, 'Malaysian Butterfly', 'Beautiful Big Butterfly from Malaysia', '190.00', 3, 'AN00582_.jpg'),
(13, 4, 'Strawberry', 'Premium quality strawberry from dedicated farm (1kg)', '80.00', 50, 'BD08922_.jpg'),
(14, 23, 'Indian Circle Sculpture', 'Replica of 2000-years old shiva statue', '590.00', 5, 'BL00017_.jpg'),
(15, 23, 'Venus of Milo', 'Replica of famous vines of Milo', '5900.00', 5, 'BL00019_.jpg'),
(16, 23, 'David of Michelangelo', 'Replica of famous David', '7950.00', 10, 'BL00020_.jpg'),
(17, 23, 'Statue of philosopher', 'Ancient Greece statue of philosopher ', '4800.00', 3, 'BL00023_.jpg'),
(18, 23, 'Statue of goddess of victory', 'Replica of goddess of victory', '9850.00', 9, 'BL00186_.jpg'),
(19, 23, 'Statue of disk thrower', 'Replica of famous Greece disk thrower', '6790.00', 4, 'BL00187_.jpg'),
(20, 23, 'Statue of Achilles', 'Replica of Greece god of running', '10200.00', 4, 'BL00189_.jpg'),
(21, 23, 'Miche\'s Venus', 'Replica of famous statue', '5900.00', 11, 'BL00190_.jpg'),
(22, 11, 'IBM PC/AT 1490', 'Now classic granddaddy of PC', '49690.00', 5, 'BS00094_.jpg'),
(23, 11, 'Macintosh LC 5900', 'I do\'t know if it is', '58900.00', 9, 'BS00095_.jpg'),
(24, 11, 'Taiwan PC 78923452', 'Good performance PC', '38600.00', 35, 'BS00096_.jpg'),
(25, 11, 'Gateway GELO 987', 'Standard American PC with good support', '53200.00', 65, 'BS00097_.jpg'),
(26, 8, 'HP LaserJet 5P', 'Classic Best selling Laser Printer', '32000.00', 23, 'BS00924_.jpg'),
(27, 25, 'No-brand Cassette Tape 60 minutes', 'Everybody wants that', '90.00', 290, 'BS00926_.jpg'),
(28, 18, 'Pentium III 1GHz CPU', 'For Do-It-Yourself PC builder', '19800.00', 23, 'BS01019_.jpg'),
(29, 18, 'Apple Big Trackball', 'Suitable for Artist', '890.00', 19, 'BS01020_.jpg'),
(30, 30, 'Digital Mavica', 'Electronic Camera', '39800.00', 3, 'BS01021_.jpg'),
(31, 18, '3.5\" MO Disk 1GB', 'Magnet-Optical Disk', '1500.00', 50, 'BS01736_.jpg'),
(32, 8, 'Epson Color Jet 760', 'Color Inkjet Printer for Home users', '4820.00', 28, 'BS01737_.jpg'),
(33, 30, 'Canon PowerShot A410', 'Affordable digital camera for beginners', '9890.00', 10, 'canon_a410.gif'),
(34, 30, 'Canon PowerShot A710', 'Cost-effective camera with 4x zoom lens', '12800.00', 15, 'canon_a710is.gif'),
(35, 30, 'Canon EOS 1D Mark II', 'High-end Digital SLR for professional', '329000.00', 5, 'canon_eos1dmkii.gif'),
(36, 30, 'Canon EOS 5D', 'Affordable 35mm full-size digital SLR', '122000.00', 15, 'canon_eos5d.gif'),
(37, 30, 'Canon EOS 30D', 'Mid-range digital SLR', '89400.00', 39, 'canon_eos30d.gif'),
(38, 30, 'Canon Digital Rebel 400D', 'Digital SLR for first-time users', '46000.00', 58, 'canon_eos400d.gif'),
(39, 30, 'Canon Ixus 900', 'Pocketable digital camera with 4x zoom lens', '23000.00', 65, 'canon_ixus900ti.gif'),
(40, 30, 'Canon Ixus i7', 'Very small digital camera ', '18700.00', 32, 'canon_ixusi7pink.gif'),
(41, 30, 'Canon PowerShot S80', 'Semi-professional compact digital camera', '39000.00', 14, 'canon_s80_72pix.gif'),
(42, 30, 'Canon PowerShot SD30', 'Looks like the same as i7', '17900.00', 23, 'canon_sd30.gif'),
(43, 30, 'Canon PowerShot SD400', 'Best-selling pocketable digital camera', '25900.00', 45, 'canon_sd400.gif'),
(44, 30, 'Canon PowerShot G7', 'Durable professional compact camera', '34000.00', 12, 'canonG7.gif'),
(45, 30, 'Casio Exlim Pro 505', 'Very unique movie-digital camera', '39800.00', 4, 'casio_exp505.gif'),
(46, 30, 'Casio Exlim Pro 700', 'Very robust semi-professional digital camera', '41900.00', 12, 'casio_exp700.gif'),
(47, 30, 'Casio Exlim 600', 'Ultra-thin pocketable zoom digital camera', '32000.00', 65, 'casio_exs600.gif'),
(48, 10, 'Hagiwara Compact Flash 256MB', 'Cheapest memory card', '590.00', 190, 'CF.jpg'),
(49, 2, 'Canon EF85mm F1.2', 'Very fast portrait lens', '38000.00', 7, 'ef85mm-front.gif'),
(50, 2, 'Canon EF28-300mm F5.6', 'Ultra-zoom starting from 28mm', '198000.00', 4, 'ef28300mm-front.gif'),
(51, 32, 'YAMAHA Rock Drum set', 'For all rock\'n-roll lover of any age.', '29000.00', 5, 'EN00075_.jpg'),
(52, 32, 'Buenos Accordio', 'Professional Accordion from Argentine', '13800.00', 10, 'EN00083_.jpg'),
(53, 32, 'Triangle Banjo', 'Strange-looking but charming', '9600.00', 8, 'EN00084_.jpg'),
(54, 32, 'Cello', 'Meister cello from Wie', '38900.00', 5, 'EN00086_.jpg'),
(55, 25, 'Zony cassette recorder', 'Simple and cheap', '860.00', 55, 'EN00090_.jpg'),
(56, 32, 'Tumtum', 'Drum for Latin-American music', '7900.00', 12, 'EN00095_.jpg'),
(57, 32, 'Snare drum', 'For marching band', '3900.00', 32, 'EN00096_.jpg'),
(58, 32, 'Tuba', 'Good Brass Tuba from Moscow', '32000.00', 5, 'EN00100_.jpg'),
(59, 25, 'Audio Techinic Headphone', 'Best quality sound in your ears', '970.00', 75, 'EN00113_.jpg'),
(60, 32, 'Some kinds of guitar', 'I do\'t know exactly', '8600.00', 45, 'EN00115_.jpg'),
(61, 32, 'Stradivarius Violi', 'The best of best violin from Italy', '249000.00', 2, 'EN00185_.jpg'),
(62, 32, 'American Harmonica', 'For blues lover', '450.00', 43, 'EN00308_.jpg'),
(63, 32, 'Berlin Electric Guitar', 'Vintage 1980 Electric Guitar', '98000.00', 5, 'EN00484_.jpg'),
(64, 4, 'Apple', 'Large, sweet package (1kg)', '120.00', 80, 'FD00114_.jpg'),
(65, 4, 'Philippines Banana', 'Best quality banana from tropical island (500g)', '650.00', 30, 'FD00125_.jpg'),
(66, 14, 'Paprika', 'Indispensable for soups and meat dishes (1kg)', '46.00', 60, 'FD00137_.jpg'),
(67, 12, 'Salted sardine', 'Good for appetizers (500g)', '390.00', 29, 'FD00181_.jpg'),
(68, 14, 'Chinese Garlic', 'For any kind of cooking (500g)', '80.00', 40, 'FD00191_.jpg'),
(69, 3, 'Strawberry with cream', 'For desert', '65.00', 120, 'FD00739_.jpg'),
(70, 4, 'Some berry I do\'t know', 'Seems delicious (1kg)', '40.00', 80, 'FD00916_.jpg'),
(71, 4, 'Another berry', 'Red red red berries for jam (1kg)', '56.00', 90, 'FD00917_.jpg'),
(72, 4, 'Cranberry', 'Also for cooking (1kg)', '80.00', 120, 'FD00918_.jpg'),
(73, 3, 'Cheddar cheese', 'From Nederland (1kg)', '340.00', 53, 'FD00920_.jpg'),
(74, 3, 'Crescent rolls', 'Home made crescent rolls (500g)', '70.00', 50, 'FD00926_.jpg'),
(75, 12, 'Canned anchovy', 'Oiled anchovy (500g)', '320.00', 39, 'FD00928_.jpg'),
(76, 4, 'Coconuts', 'From Thailand (1kg)', '260.00', 21, 'FD00933_.jpg'),
(77, 14, 'Butter Bea', 'Fresh butter bean from the farmers (500g)', '50.00', 120, 'FD00991_.jpg'),
(78, 14, 'Nandakke', 'Wakaranai (500g)', '45.00', 80, 'FD00992_.jpg'),
(79, 4, 'American Cherry', 'Large, sweet cherry from California (500g)', '190.00', 54, 'FD00993_.jpg'),
(80, 3, 'Cream Soda', 'Chilling icy sky blue soda with ice cream on top', '55.00', 130, 'FD00994_.jpg'),
(81, 14, 'Cucumber', 'Best for vegetable salad (500g)', '30.00', 190, 'FD00995_.jpg'),
(82, 14, 'Unknow', 'I do\'t know', '15.00', 90, 'FD00996_.jpg'),
(83, 3, 'Meat, Fish and Egg set', 'You can buy all kinds of protein at once (2kg)', '300.00', 50, 'FD00997_.jpg'),
(84, 4, 'Red Grape', 'Large, sweet grapes from mountain (1kg)', '80.00', 100, 'FD00998_.jpg'),
(85, 14, 'Green long onio', 'Must-have for Japanese or Chinese dishes (500g)', '90.00', 20, 'FD00999_.jpg'),
(86, 12, 'Fresh Oysters', 'Well-grown fresh oysters from tropical sea (500g)', '650.00', 10, 'FD01000_.jpg'),
(87, 14, 'Onio', 'For any kind of western food (500g)', '15.00', 30, 'FD01001_.jpg'),
(88, 4, 'Pears', 'Ripe pears from Europe (500g)', '50.00', 20, 'FD01002_.jpg'),
(89, 4, 'Red Grapefruit', 'Fresh, large grapefruit from California (500g)', '250.00', 5, 'FD01005_.jpg'),
(90, 4, 'Fruit set', 'The set of watermelon and Canister (2kg)', '75.00', 30, 'FD01007_.jpg'),
(91, 14, 'Mushrooms', 'Assorted fresh mushrooms (500g)', '45.00', 20, 'FD01009_.jpg'),
(92, 4, 'Orange', 'Large orange (500g)', '35.00', 45, 'FD01010_.jpg'),
(93, 4, 'Peach', 'Ripe, sweet peaches from China (1kg)', '150.00', 23, 'FD01011_.jpg'),
(94, 4, 'Pineapple', 'Big pineapple from the Philippines (1kg)', '200.00', 12, 'FD01012_.jpg'),
(95, 4, 'Prune', 'The vitamin-rich magic fruit from California (500g)', '85.00', 8, 'FD01013_.jpg'),
(96, 4, 'Japanese Cherry', 'Sweet\'n Sour Japanese traditional cherry (500g)', '590.00', 1, 'FD01667_.jpg'),
(97, 3, 'Cup noodle', 'When you are a little bit hungry', '25.00', 50, 'FD01677_.jpg'),
(98, 14, 'Pumpki', 'Well-grown large pumpkins for dishes and sweets (1kg)', '65.00', 20, 'FD01679_.jpg'),
(99, 4, 'Strawberry', 'Red, ripe strawberry (500g)', '85.00', 10, 'FD01680_.jpg'),
(100, 30, 'Fujifilm FinePix 410', 'Square-shaped pocketable digital camera with 3x zoom lens', '19800.00', 2, 'finepix410-front.gif'),
(101, 30, 'Fujifilm FinePix 50i', 'Stylish square digital camera with 3x zoom lens', '15900.00', 5, 'fuji_50i.gif'),
(102, 30, 'Fujifilm DS270HD', 'Heavy-duty digital camera for construction site', '39800.00', 1, 'fuji_ds270hd.gif'),
(103, 30, 'Fujifilm FinePix 900Z', 'High-performance compact digital camera with 4x zoom lens', '29800.00', 5, 'fuji_finepixe900z.gif'),
(104, 30, 'Fujifilm FinePix Z1', 'Ultra-thin pocketable zoom digital camera with high-sensitivity support', '32500.00', 8, 'fuji_finepixz1.gif'),
(105, 30, 'Fujifilm S5 Pro', 'Professional digital SLR with Nikon mount', '123000.00', 4, 'fuji_s5.gif'),
(106, 30, 'Fujifilm FinePix S9600', 'Semi-professional digital camera with exceptional 12x zoom lens', '49000.00', 9, 'fuji_s9600.gif'),
(107, 10, 'Olympus xD card', '1GB Special Price!', '1000.00', 2, 'fujixd_M1GB.gif'),
(108, 30, 'Hasselblad H2', 'Mid-size Professional Digital Camera from Germany', '259000.00', 1, 'hasselblad_h2.gif'),
(109, 27, 'Bed-side lamp', 'A ceramic bed-side lamp wide shade', '350.00', 10, 'HH01919_.jpg'),
(110, 29, 'Japanese \"Sensu\" hand-fa', 'Not for real use but for ornamental purpose', '500.00', 2, 'HH02337_.jpg'),
(111, 29, 'Japanese \"Uchiwa\" hand-fa', 'For real use but also good for ornamental purposes', '250.00', 10, 'HH02362_.jpg'),
(112, 18, '56x voice modem', 'High-speed external modem for Internet connectio', '2900.00', 10, 'J0079089.jpg'),
(113, 4, 'Fruit basket', 'Assorted fruits for present (2kg)', '200.00', 20, 'J0089934.jpg'),
(114, 29, 'Soda server set', 'For home party and picnic', '350.00', 5, 'J0089950.jpg'),
(115, 12, 'Grilled sea fish', 'Heat in microwave oven and ready to eat! (1kg)', '200.00', 10, 'J0089952.jpg'),
(116, 25, '5.1ch Surround Speaker set', 'Your room will be like the theater!', '25000.00', 5, 'J0093483.jpg'),
(117, 25, 'Portable DVD player', 'Watch DVD anywhere - as far as there is TV', '12500.00', 25, 'J0093513.jpg'),
(118, 24, 'Taiwan Notebook PC', 'Affordable but high-performance', '29800.00', 5, 'J0093585.jpg'),
(119, 25, 'Desktop stereo', 'Radio, cassette, and CD player in one', '5900.00', 29, 'J0093611.jpg'),
(120, 29, 'Electric range with oven and heat plate', 'Special range with heat plate suitable for \"Teppanyaki\"!', '24900.00', 5, 'J0093631.jpg'),
(121, 29, 'Electric range with ove', 'For range with ove', '19800.00', 15, 'J0093633.jpg'),
(122, 21, 'Somsang Portable color TV', '14\" portable color TV for anywhere! - as far as there is electricity', '15000.00', 5, 'J0093637.jpg'),
(123, 21, '20\" flat-screen TV', 'Main stream color TV for your living room', '6800.00', 10, 'J0093639.jpg'),
(124, 29, 'Electric range with ove', 'Oven for any kind of cooking', '14900.00', 10, 'J0094207.jpg'),
(125, 17, 'Red sports car', 'Good for driving in seaside', '980000.00', 4, 'J0157555.jpg'),
(126, 5, 'Green Jeep', 'Good for off-road and mountainside', '698000.00', 6, 'J0157557.jpg'),
(127, 7, 'Blue compact', 'Compact car with additional rear space', '484000.00', 14, 'J0157561.jpg'),
(128, 5, 'Range rover', 'Robust, stylish and durable Range Rover', '1230000.00', 4, 'J0157563.jpg'),
(129, 19, 'Semi-classic seda', 'Black sedan of 1970s', '349000.00', 2, 'J0157567.jpg'),
(130, 19, 'Vintage classic car', 'Brown vintage classic car of 1920s', '1980000.00', 1, 'J0157571.jpg'),
(131, 6, 'Blue sporty seda', 'Good for family car', '643000.00', 7, 'J0157585.jpg'),
(132, 29, 'Hand bell', 'For dining table or restaurants', '45.00', 30, 'J0194998.jpg'),
(133, 32, 'Crashing plate', 'Chinese traditional percussion instrument', '55.00', 10, 'J0195014.jpg'),
(134, 32, '\"Shamisen\" Japanese guitar', 'Three-string Japanese traditional guitar', '12800.00', 2, 'J0195022.jpg'),
(135, 32, '\"Tsuzumi\" Japanese drum', 'Japanese traditional waist-level drum', '5800.00', 2, 'J0195032.jpg'),
(136, 9, 'Hand saw', 'Good for do-it-yourself home constructio', '3900.00', 19, 'J0197520.jpg'),
(137, 32, 'Vintage classic speaker', 'Big, heavy speaker for real enthusiast', '230000.00', 1, 'J0208042.jpg'),
(138, 20, 'Toy camera', 'It\'s a toy film camera, but you can take real pictures!', '1980.00', 25, 'J0208154.jpg'),
(139, 32, 'Somy Walkma', 'Just like real Sony walkma', '1980.00', 11, 'J0208162.jpg'),
(140, 21, '14\" color TV', 'The cheapest TV you can buy!', '2850.00', 15, 'J0208166.jpg'),
(141, 21, '16\" color TV with rotating stand', 'Good for living room', '4860.00', 12, 'J0208210.jpg'),
(142, 8, 'No-brand color inkjet printer', 'Cheap but working!', '3600.00', 12, 'J0223518.jpg'),
(143, 32, 'Upright standard piano', 'For every music-loving people', '103000.00', 5, 'J0225232.jpg'),
(144, 32, 'Classic upright piano', 'Better sound with better looking', '165000.00', 4, 'J0225234.jpg'),
(145, 11, 'Compac standalone server', 'With 5 HDD bay (RAID5-ready), CPU: Pentium 4 2.0GHz RAM 1GB', '198000.00', 5, 'J0230312.jpg'),
(146, 18, 'Fujitsu 3.5\" HDD 300GB', 'For those who know self-installation into PC', '3900.00', 10, 'J0230313.jpg'),
(147, 18, 'Thunder Joystick', 'For combat-plane type computer games', '1100.00', 15, 'J0230315.jpg'),
(148, 24, 'IBM Intelli-dock Notebook', 'A notebook computer with all-in-one docking statio', '121000.00', 2, 'J0230316.jpg'),
(149, 32, 'Double-cassette recorder', 'Portable double-cassette recorder with FM/AM radio', '4200.00', 18, 'J0230649.jpg'),
(150, 30, 'Compact digital camera', 'Small, affordable digital camera made in China', '4500.00', 10, 'J0235956.jpg'),
(151, 4, 'Apricot', 'Sweet and sour apricot (500g)', '75.00', 20, 'J0246093.jpg'),
(152, 4, 'Green apple', 'Good-taste green apple from India(500g)', '85.00', 10, 'J0246105.jpg'),
(153, 4, 'Ecuador Banana', 'Standard banana from Ecuador (500g)', '120.00', 5, 'J0246109.jpg'),
(154, 4, 'European Cherry', 'Deep-red European cherry (500g)', '105.00', 10, 'J0246117.jpg'),
(155, 4, 'Huum, I do\'t know', 'What\'s this fruit? (500g)', '95.00', 4, 'J0246121.jpg'),
(156, 14, 'Garlic', 'Chinese garlic for any dish (500g)', '35.00', 25, 'J0246147.jpg'),
(157, 14, 'Nanda kore', 'Watashiwa shiranaiyo (500g)', '55.00', 10, 'J0246167.jpg'),
(158, 4, 'Persimmo', 'Orange persimmon from China (500g)', '195.00', 5, 'J0246171.jpg'),
(159, 4, 'Wakara', 'Dokoka no Fruits (500g)', '85.00', 1, 'J0246177.jpg'),
(160, 14, 'Green pepper', 'Fresh green pepper for any food (500g)', '40.00', 5, 'J0246183.jpg'),
(161, 4, 'Watermelo', 'Juicy red watermelon (1kg)', '25.00', 25, 'J0246187.jpg'),
(162, 14, 'White mushrooms', 'High-quality mushrooms (500g)', '85.00', 10, 'J0246215.jpg'),
(163, 18, 'Motorola 565002', 'IC for configurable latch', '190.00', 200, 'J0249641.jpg'),
(164, 18, 'ATI Radeon 9000 graphics card', 'For heavy-3D gamers', '4900.00', 15, 'J0249643.jpg'),
(165, 11, 'Dell graphics workstatio', 'Runs UNIX and OpenGL', '259000.00', 5, 'J0249810.jpg'),
(166, 11, 'IBM S5800 Mid-range Server', 'Up to 4 CPUs, RAM 4GB, HDD up to 2TB', '859000.00', 2, 'J0249811.jpg'),
(167, 11, 'IBM desktop server', 'Up to 2 CPUs, RAM 2GB, HDD up to 500GB', '398000.00', 5, 'J0249812.jpg'),
(168, 1, 'Word processor with CRT', 'Dedicated CRT-based word processor of 1980s', '58000.00', 2, 'J0249814.jpg'),
(169, 18, '2HD Floppy Disks', '10 disks package', '45.00', 50, 'J0252127.jpg'),
(170, 9, 'Compact measure', 'Can measure up to 5m', '25.00', 35, 'J0252137.jpg'),
(171, 9, 'Compass', 'For drawing circles. Good for students.', '15.00', 45, 'J0252151.jpg'),
(172, 9, 'Drill tip', 'Diameter 5mm, Hardening Nickel-Chrome', '55.00', 25, 'J0252259.jpg'),
(173, 9, 'Hand drill', 'Suitable for home owners', '850.00', 20, 'J0252261.jpg'),
(174, 9, 'Hammer', 'You should have one in house', '45.00', 35, 'J0252269.jpg'),
(175, 9, 'Cutter knife', 'Large cutter knife for all-purpose', '35.00', 50, 'J0252273.jpg'),
(176, 9, 'Two-sided hand-file', 'Flat and rounded file on both side', '30.00', 30, 'J0252275.jpg'),
(177, 9, 'Bolt-driver', 'Driver for hex-bolt', '15.00', 25, 'J0252277.jpg'),
(178, 9, 'Adjustable wrench', 'Large, heavy-duty adjustable wrench', '250.00', 5, 'J0252303.jpg'),
(179, 9, 'Office clip', 'A box of clips (100pcs)', '55.00', 25, 'J0252347.jpg'),
(180, 9, 'Monkey wrench', 'Standard monkey wrench', '150.00', 45, 'J0252349.jpg'),
(181, 9, 'Hammer with nail-remover', 'Hammer with nail-remover', '55.00', 25, 'J0252353.jpg'),
(182, 9, 'High-power hand drill', 'For heavy-use', '1050.00', 15, 'J0252355.jpg'),
(183, 25, 'VHS video tape', 'For recording TV up to 120 minutes', '85.00', 10, 'J0257918.jpg'),
(184, 20, 'Classic Film SLR', '1975 Nikomat. Complete working', '15900.00', 1, 'J0261952.jpg'),
(185, 9, 'Jet air nozzle', 'For blowing dust', '450.00', 5, 'J0279514.jpg'),
(186, 9, 'Some tools', 'What is this for?', '560.00', 1, 'J0279550.jpg'),
(187, 9, 'Ummmmm, I do\'t know', 'Who knows?', '250.00', 3, 'J0279552.jpg'),
(188, 9, 'Measuring gauge', 'For measuring the external size of parts', '560.00', 5, 'J0279554.jpg'),
(189, 9, 'Slide gauge', 'For measuring parts and grooves', '1590.00', 5, 'J0279556.jpg'),
(190, 9, 'Compass saw', 'For cutting small parts', '150.00', 25, 'J0279558.jpg'),
(191, 9, 'Electric micrometer', 'For precisely measuring small parts', '5900.00', 3, 'J0279560.jpg'),
(192, 9, 'Wrench set', 'All-purpose wrench set of 3, 4, 5, 8 and 10 mm', '250.00', 20, 'J0279562.jpg'),
(193, 9, 'Compact cutter knife', 'For small cutting of sheets', '85.00', 15, 'J0279564.jpg'),
(194, 9, 'Do\'t know', 'Some kinds of tools', '120.00', 3, 'J0279566.jpg'),
(195, 9, 'Pinch', 'Standard pinch', '55.00', 25, 'J0279568.jpg'),
(196, 1, 'Gateway multimedia PC', 'With quality sound card and speaker', '45000.00', 5, 'J0282450.jpg'),
(197, 37, '17\" CRT monitor', 'For larger scree', '4900.00', 10, 'J0282452.jpg'),
(198, 18, 'Brown keyboard', 'Strange brown keyboard for normal PC', '300.00', 20, 'J0282454.jpg'),
(199, 18, 'Brown mouse', 'Strange brown mouse for normal PC', '550.00', 20, 'J0282456.jpg'),
(200, 8, 'Brown printer', 'Strange brown inkjet printer for normal PC', '8500.00', 10, 'J0282458.jpg'),
(201, 8, 'Brown laser printer', 'Strange brown laser printer for normal PC', '11500.00', 5, 'J0282474.jpg'),
(202, 18, 'Brown image scanner', 'Strange brown image scanner for normal PC', '6500.00', 5, 'J0282502.jpg'),
(203, 18, 'Brown high-speed image scanner', 'Strange brown high-speed image scanner for normal PC', '9500.00', 2, 'J0282504.jpg'),
(204, 24, 'Brown notebook', 'Strange brown notebook PC', '23500.00', 5, 'J0282506.jpg'),
(205, 25, 'Brown DV camera', 'Strange pocketable brown DV camera', '55000.00', 3, 'J0282510.jpg'),
(206, 1, 'Brown Pocket PC', 'Strange brown pocket PC', '75000.00', 4, 'J0282512.jpg'),
(207, 18, 'Brown printer cable', 'Strange brown printer cable', '50.00', 30, 'J0282524.jpg'),
(208, 25, 'Brown cassette tape', 'Strange brown cassette tape (10pcs)', '250.00', 4, 'J0282530.jpg'),
(209, 11, 'Deskpower multimedia PC', 'High-performance multimedia PC with 17\" flat monitor', '95000.00', 5, 'J0285750.jpg'),
(210, 11, 'Compact multimedia PC', 'Compact desktop multimedia PC with built-in speaker', '56000.00', 7, 'J0285754.jpg'),
(211, 24, 'High-performance Notebook PC', 'High-performance Notebook PC with large 15\" screen and DVD-RW drive', '185000.00', 3, 'J0285758.jpg'),
(212, 24, 'Slim notebook with docking statio', 'Light, slim notebook PC with detachable docking statio', '120000.00', 6, 'J0285778.jpg'),
(213, 33, 'Classic pocket watch', 'Affordable, classic pocket watch', '1850.00', 15, 'J0289723.jpg'),
(214, 33, 'Elegant pocket watch', 'Gold-plated elegant pocket watch', '2650.00', 10, 'J0289928.jpg'),
(215, 9, 'Electric board saw', 'Handy-type electric board saw', '8430.00', 5, 'J0294042.jpg'),
(216, 27, 'Wooden computer desk', 'Suitable for tower-type desktop PCs', '7850.00', 25, 'J0297669.jpg'),
(217, 27, '3-sided computer desk', 'Gorgeous, 3-sided computer desk', '18600.00', 14, 'J0297687.jpg'),
(218, 18, 'CD-R pack', '700MB CD-R pack (20 disks)', '450.00', 20, 'j0300055.jpg'),
(219, 18, 'Microsoft Mouse', 'Standard Microsoft mouse', '580.00', 25, 'j0302977.jpg'),
(220, 33, 'Wall clock', 'White, large wall-clock suitable for office', '1850.00', 10, 'j0305766.jpg'),
(221, 29, 'High-tech safe', 'High-tech safe with password locking system', '95900.00', 5, 'j0305775.jpg'),
(222, 26, 'Dice', 'Dice for any games', '30.00', 40, 'j0308993.jpg'),
(223, 18, 'DVD-RW pack', 'Rewritable DVD disks (10 disks)', '4950.00', 15, 'j0315495.jpg'),
(224, 33, 'Desk clock', 'Cute, rounded desktop clock', '230.00', 24, 'j0384840.jpg'),
(225, 29, 'Stainless Safe', 'Double-locking system Stainless safe', '54000.00', 3, 'j0395893.jpg'),
(226, 1, 'Palm OS PDA', 'Pocketable PDA with Palm OS. Green display.', '49800.00', 10, 'j0395898.jpg'),
(227, 26, 'Cessna 250RS', 'Affordable small plane for personal owners', '4568000.00', 1, 'TN00627_.jpg'),
(228, 26, 'Light plane', 'Single-seat hobby plane with engine', '734000.00', 5, 'TN00630_.jpg'),
(229, 7, '2-storey bus', 'Famous 2-storey bus from Londo', '1190000.00', 1, 'TN00631_.jpg'),
(230, 26, 'Mid-range ship', 'Standard ship for 50 passengers', '3954000.00', 1, 'TR00073_.jpg'),
(231, 26, 'High-speed Ferry', 'Speedy ferry with 250 passengers and 50 cars', '12678000.00', 1, 'TR00075_.jpg'),
(232, 6, 'Cadillac G4', 'Luxury large seda', '2450000.00', 2, 'TR00167_.jpg'),
(233, 9, 'Lawn mower', 'Powerful home lawn mower with automatic cleaning mechanism', '12500.00', 10, 'J0294044.jpg'),
(234, 9, 'Vice', 'Medium-sized vice for clamping parts', '450.00', 30, 'J0294046.jpg'),
(235, 9, 'Hand drill', 'Compact hand drill for precise operations', '4900.00', 10, 'J0294048.jpg'),
(236, 9, 'Steel level', 'High-precision steel level for adjusting horizontality', '6500.00', 10, 'J0294072.jpg'),
(237, 9, 'Steel fine', 'Hand-fine for all kinds of home owners', '280.00', 30, 'J0294074.jpg'),
(238, 9, 'Handy welder', 'Weld small parts by this handy welder', '8650.00', 5, 'J0294096.jpg'),
(239, 37, '15\" Color monitor', 'Standard 15\" color monitor for any kind of PC', '4950.00', 20, 'J0297623.jpg'),
(240, 1, 'Palm II pocket computer', 'Light, thin Palm II pocket computer for any on-the-road businessma', '38950.00', 5, 'J0297625.jpg'),
(241, 1, 'Palm III Excellence', 'Brand-new Palm computer', '49870.00', 20, 'J0297627.jpg'),
(242, 37, 'Multimedia display with surround speakers', 'No need to buy separate speakers any more! 17\" flat-screen CRT with high-powered surround speakers', '9580.00', 30, 'J0297633.jpg'),
(243, 29, 'Aluminum alloy safe', 'Hard, yet light anti-flare safe for home offices', '76500.00', 4, 'J0297665.jpg'),
(244, 33, 'Classic hand clock', 'No one can compete this for its elegance', '590.00', 30, 'j0384830.jpg'),
(245, 1, 'Palm II stationary set', 'Versatile Palm II pocket computer with beautiful notes and pens', '25800.00', 42, 'j0395902.jpg'),
(246, 37, 'Blue big CRT (20\")', 'Huge screen for big business!', '35800.00', 9, 'j0395905.jpg'),
(247, 24, 'Blue notebook', 'Breath-taking deep blue notebook PC with powerful CPU', '89000.00', 3, 'j0395906.jpg'),
(248, 26, 'Sand clock', 'For 3 minutes. Best for cooking cup noodles!', '85.00', 40, 'j0395912.jpg'),
(249, 8, 'Deep blue color inkjet printer', 'Fast and beautiful printing from deep blue compact printer', '7890.00', 10, 'j0395921.jpg'),
(250, 1, 'Deep blue PC with printer set', 'Own astonishingly charming deep blue PC with high-quality color inkjet printers for bargai', '98500.00', 8, 'j0395941.jpg'),
(251, 18, 'Compact PC Projector', '2700 ANSI Lumen high-power PC projector', '128000.00', 3, 'j0396880.jpg'),
(252, 18, 'EPOSON C-51 stylish Image scanner', 'Very compact and thin, but scans beautiful prints', '16300.00', 25, 'j0396924.jpg'),
(253, 18, 'Paper shredder', 'Goodbye to unwanted documents!', '3960.00', 54, 'j0396934.jpg'),
(254, 9, 'Adjustable pinch', 'Must-have for any home owners', '150.00', 65, 'j0397712.jpg'),
(255, 11, 'Taiwan PC III', 'Very cheap, astonishingly affordable, incredibly inexpensive, boring performance PC from Taiwa', '10500.00', 32, 'j0398435.jpg'),
(256, 10, 'Kingston 4GB Compact Flash', 'For digital SLRs', '8590.00', 43, 'kingston4gbcf.gif'),
(257, 10, 'KODAK 1GB SD card', 'Save money for these affordable cards', '2590.00', 120, 'kodakcards.gif'),
(258, 30, 'KODAK Z740', 'Super-zoom semi-professional digital camera with excellent image quality', '35900.00', 15, 'kodak_z740.gif'),
(259, 30, 'Leica DigiLux 3', 'Super-premium Four-Thirds digital camera from Leica', '158000.00', 4, 'leica_digilux3.gif'),
(260, 30, 'Leica DigiLux 2', 'High-quality, stylish compact digital camera with 9:16 wide screen CCD', '55700.00', 11, 'leica_dlux2.gif'),
(261, 30, 'Leica M8', 'Brand-new M-mount Leica for high-hobbyist', '158000.00', 2, 'leica_m8.jpg'),
(262, 10, 'Lexar 12x 512MB Compact Flash', 'High-speed affordable Compact Flash', '1580.00', 45, 'lexar512.gif'),
(263, 10, '1GB Small SD', 'Card is\'t it?', '3590.00', 19, 'ms_micro.gif'),
(264, 29, 'Flower arrangement set', 'A set of seasonal flowers and vases for flower arrangement', '390.00', 25, 'NA00847_.jpg'),
(265, 29, 'Flower arrangement set (Lily)', 'A set of yellow lily and vase', '290.00', 25, 'NA00848_.jpg'),
(266, 29, 'Flower arrangement set (Amaryllis)', 'Cute, blue Amaryllis for indoor flower arrangement', '159.00', 32, 'NA00855_.jpg'),
(267, 29, 'Japanese pine tree Bonsai', 'Japanese style Bonsai with pine tree', '495.00', 12, 'NA00871_.jpg'),
(268, 29, 'Bonsai with background ornament', 'Red-leaf maple tree bonsai with Japanese style background ornament', '850.00', 1, 'NA02117_.jpg'),
(269, 2, 'Nikkor AFS 18-135mm F3.5-5.6', 'The new kit lens for D80 digital SLR. Compact and covers useful ranges', '45900.00', 45, 'nikonafs18-135-front.gif'),
(270, 30, 'Nikon CoolPix 5000', 'Unique digital camera with wide-angle lens starting form 28mm equivalent', '29400.00', 5, 'nikon_cp5000.gif'),
(271, 30, 'Nikon CoolPix 5700', 'Powerful 8x zoom lens starting from 35mm-280mm 5M pixel camera', '32000.00', 12, 'nikon_cp5700.gif'),
(272, 30, 'Nikon CoolPix 8800', 'Very fast F2.8 lens with 10x super zoom', '54000.00', 32, 'nikon_cp8800.gif'),
(273, 30, 'Nikon CoolPix 995', 'Very unique stylish camera with rotating body', '29800.00', 9, 'nikon_cp995.gif'),
(274, 30, 'Nikon D200', 'Latest mid-range digital SLR with true manual controls for high-amateur to professionals', '104000.00', 19, 'nikon_d200.gif'),
(275, 30, 'Nikon D2X', 'The ultimate, high-end digital camera with complete set of all photographic controls', '154000.00', 6, 'nikon_d2x.gif'),
(276, 30, 'Nikon D80', 'Brand-new entry-level digital SLR that parallels almost professional feature set', '52900.00', 27, 'nikon_d80.gif'),
(277, 10, 'Olympus smart media 128MB', 'Classic ultra-thin memory card for classic digital camera', '790.00', 10, 'olympus128mbsm.gif'),
(278, 30, 'Olympus E-300', 'Strange-looking digital SLR with the world\'s first live view finder for digital SLR', '87000.00', 11, 'oly_e300.gif'),
(279, 30, 'Olympus E-400', 'Mid-range digital SLR with standard features', '49800.00', 28, 'oly_e400.gif'),
(280, 30, 'Olympus Stylus 725', 'Cool, stylish designed ultra compact digital camera with 3x zoom lens', '19800.00', 42, 'oly_stylus725sw.gif'),
(281, 30, 'Olympus Stylus 800', 'Rounded shaped entry-level digital camera', '8990.00', 45, 'oly_stylus800.gif'),
(282, 30, 'Olympus Stylus Verve', 'Surprisingly unique, irregular shaped entry-level digital camera', '8760.00', 29, 'oly_stylusverve.gif'),
(283, 10, 'Panasonic 1GB SD card', 'Professional quality high-speed SD card with 1GB of huge capacity', '1980.00', 60, 'panasoinc_1gbsd.gif'),
(284, 10, 'Panasonic SD-HC 4GB memory card', 'Brand-new highest-capacity SD-HC card', '12500.00', 10, 'panasonic4gbsdhc-front.gif'),
(285, 30, 'Panasonic DMC-FX8', 'Ultra-compact digital camera with wide-angle lens and anti-shaking mechanism', '25900.00', 45, 'panasonic_dmcfx8.gif'),
(286, 30, 'Panasonic DMC-FZ30', 'Semi-professional digital camera with 12x ultra-zoom ', '35900.00', 17, 'panasonic_dmcfz30.gif'),
(287, 30, 'Panasonic DMC-LC1', 'Panasonic\'s the first digital SLR for Four-Thirds standard, with Leica vario-elmarit 14-50mm lens', '159000.00', 5, 'panasonic_dmclc1.gif'),
(288, 30, 'Panasonic DMC-FX1', 'Unique 9:16 wide-screen CCD digital camera', '39800.00', 27, 'panasonic_dmclx1.gif'),
(289, 30, 'Panasonic DMC-LZ1', 'Affordable entry-level digital camera with 6x zoom lens', '12800.00', 24, 'panasonic_dmclz1.gif'),
(290, 30, 'Panasonic DMC-TZ1', 'Very compact yet 10x super-zoom digital camera', '19800.00', 10, 'panasonic_dmctz1.gif'),
(291, 2, 'Pentax SMC 70mm F2.8', 'Prime lens for digital SLR', '15900.00', 2, 'pentax70mm-front.gif'),
(292, 2, 'Pentax 40mm F2.8', 'Ultra-compact \"Pancake\" lens for snap photography', '8950.00', 5, 'pentax_40mmlens.gif'),
(293, 30, 'Pentax ist* DS2', 'Pentax\'s entry-level SLR with easy-to-see glass penta-prism finder', '39800.00', 19, 'pentax_istds2.gif'),
(294, 30, 'Pentax K100D', 'Pentax\'s mid-range digital SLR', '104500.00', 4, 'pentax_k100D.gif'),
(295, 30, 'Pentax M10', 'Entry-level compact digital camera with 3x zoom lens', '10050.00', 8, 'pentax_m10.gif'),
(296, 30, 'Pentax Optio X', 'Unique design and rotating lens will draw attention of admires', '14500.00', 3, 'pentax_optiox.gif'),
(297, 10, 'Pretec 8GB SD-HC card', 'The world\'s first 8GB SD-HC card for serious users', '18900.00', 2, 'pretec8gbsdhc-front.gif'),
(298, 30, 'Ricoh R30', 'Compact digital camera with 28-135mm equivalent zoom lens', '17900.00', 6, 'ricoh_r30.gif'),
(299, 10, 'SanDisk 1GB SD card', 'Standard 1GB SD card', '2500.00', 40, 'sandisk1gbsd.gif'),
(300, 10, 'SanDisk MemoryStick 2GB', 'Unordinary high-capacity memory stick', '4500.00', 13, 'sandisk2gbms-front.gif'),
(301, 10, 'SanDisk 4GB Memory Stick Pro', 'The highest capacity memory stick pro', '17500.00', 2, 'sandisk4gbduo-front.gif'),
(302, 10, 'SanDisk Extreme III 16GB Compact Flash card', 'Exceptional 16GB storage for serious professionals', '25800.00', 4, 'sandisk_16GB.gif'),
(303, 10, 'SanDisk 64MB SD card', 'The smallest capacity SD card', '160.00', 4, 'sandisk_64mbsd.gif'),
(304, 10, 'SanDisk Extreme III 8GB Compact Flash card', 'Professional capacity', '16500.00', 6, 'sandisk_extreme.gif'),
(305, 10, 'SanDisk Ultra II 8GB Compact Flash card', 'Affordable high-capacity compact flash card', '10790.00', 17, 'sandisk_ultraII.gif'),
(306, 30, 'Sony DSC-F828', 'Unique shaped semi-professional digital camera', '49000.00', 6, 'sideby-f828.gif'),
(307, 30, 'Sigma Unknown Faveon Sensor Compact', 'The hope of compact digital camera', '49000.00', 1, 'sigma_dp1.gif'),
(308, 15, 'Mah Jong (Chinese game)', 'Traditional Chinese game which is extremely popular in Japa', '350.00', 8, 'SL01399_.jpg'),
(309, 15, 'Traditional Japanese Kite', 'with Kabuki-star as the desig', '150.00', 18, 'SL01405_.jpg'),
(310, 15, 'Japanese man-shaped kite', 'Used in new-year festivals in Japa', '250.00', 16, 'SL01407_.jpg'),
(311, 30, 'Sony DSC-R1', 'Professional non-SLR digital camera with large CCD', '98500.00', 8, 'sony_dscr1.gif'),
(312, 30, 'Sony DSC-T50', 'Ultra-thin compact digital camera with selectable colors', '25000.00', 32, 'sony_dsct50.gif'),
(313, 19, 'Red classic', 'Car of the past century', '359000.00', 1, 'TN00083_.jpg'),
(314, 6, 'Rather old-looking second-hand seda', 'But it runs like newbie', '189000.00', 1, 'TN00424_.jpg'),
(315, 6, 'BMW 605', 'Standard new-sports seda', '1250000.00', 18, 'TN00539_.jpg'),
(316, 17, 'Mercedes-Benz Sports', 'Who gonna buy?', '2598000.00', 3, 'TN00540_.jpg'),
(317, 6, 'KIA green spot', 'Affordable family car', '289000.00', 35, 'TN00541_.jpg'),
(318, 17, 'Unknown Sports Car', 'from unknown country', '957000.00', 2, 'TN00542_.jpg'),
(319, 17, 'Mazda? RX-9', 'I\'m not sure', '1020000.00', 5, 'TN00543_.jpg'),
(320, 17, 'Toyota sport Corona', 'Special version of sedan Corona for sports', '1198000.00', 9, 'TN00544_.jpg'),
(321, 6, 'Violet lagoo', 'I gave name', '956000.00', 17, 'TN00545_.jpg'),
(322, 17, 'American or Italian?', 'Who knows?', '1459000.00', 4, 'TN00547_.jpg'),
(323, 17, 'Seems America', 'White lightning', '1870000.00', 1, 'TN00548_.jpg'),
(324, 17, 'Black widow', 'So called, who called, no one called', '1049000.00', 7, 'TN00549_.jpg'),
(325, 17, 'Mou shiranai', 'Hontouni shiranai', '967000.00', 19, 'TN00550_.jpg'),
(326, 17, 'Rambolguini Red Kuruma', 'Tottemo Akai Kuruma dane', '1580000.00', 3, 'TN00552_.jpg'),
(327, 6, 'Luxury Coupe', 'of some manufacturers', '895000.00', 16, 'TN00554_.jpg'),
(328, 7, 'Red Van Van Va', 'Kamo shirenai', '759000.00', 28, 'TN00557_.jpg'),
(329, 19, 'Vincent OLD ancient Saurs', 'I gave this name', '2589000.00', 1, 'TN00622_.jpg'),
(330, 17, 'Porsche ', 'Which Porsche?', '1987000.00', 7, 'TN00623_.jpg'),
(331, 7, 'Yellow School Bus', 'For children, of course', '1234567.00', 4, 'TN00634_.jpg'),
(332, 7, 'Tour bus', 'This is for tourist, not for children any more', '985000.00', 15, 'TN00635_.jpg'),
(333, 26, 'Nut', 'Nut (1000 pcs)', '1000.00', 120, 'topichardware.gif'),
(334, 2, 'Carl-Zeiss F mount Planners', 'Best quality Zeiss lens for Nikon F mount', '189000.00', 21, 'zeisslenses.gif');

-- --------------------------------------------------------

--
-- Table structure for table `sales`
--

CREATE TABLE `sales` (
  `id` int(11) NOT NULL,
  `sales_date` varchar(50) COLLATE utf8_unicode_ci NOT NULL,
  `user_id` int(11) NOT NULL,
  `product_id` int(11) NOT NULL,
  `amount` int(11) NOT NULL,
  `processed` tinyint(4) NOT NULL
) ENGINE=InnoDB DEFAULT CHARSET=utf8 COLLATE=utf8_unicode_ci;

--
-- Dumping data for table `sales`
--

INSERT INTO `sales` (`id`, `sales_date`, `user_id`, `product_id`, `amount`, `processed`) VALUES
(1, '2008-05-14 07:40:21', 2, 101, 1, 1),
(6, '2008-05-19 20:23:54', 15, 93, 1, 1),
(8, '2008-05-19 22:21:04', 9, 210, 1, 1),
(12, '2008-05-23 20:46:23', 12, 36, 1, 1),
(13, '2008-05-24 08:53:28', 9, 311, 1, 1),
(14, '2008-05-24 19:21:04', 16, 32, 1, 1),
(15, '2008-05-25 10:46:18', 22, 264, 1, 1),
(20, '2008-05-29 06:37:18', 27, 124, 1, 1),
(21, '2008-05-29 10:10:37', 15, 206, 1, 1),
(22, '2008-05-30 08:56:26', 16, 40, 1, 1),
(24, '2008-05-31 10:35:02', 26, 145, 1, 1),
(27, '2008-06-02 18:02:08', 21, 167, 1, 1),
(29, '2008-06-07 08:37:08', 16, 135, 1, 1),
(30, '2008-06-07 11:50:54', 18, 284, 1, 1),
(32, '2008-06-08 12:35:02', 1, 60, 1, 1),
(33, '2008-06-09 02:33:01', 8, 248, 1, 1),
(34, '2008-06-09 07:05:09', 23, 199, 1, 1),
(36, '2008-06-11 08:41:01', 11, 27, 5, 1),
(37, '2008-06-12 02:14:36', 18, 279, 1, 1),
(39, '2008-06-12 15:05:23', 1, 60, 1, 1),
(40, '2008-06-13 08:22:39', 24, 244, 1, 1),
(46, '2008-06-18 05:06:33', 26, 30, 1, 1),
(48, '2008-06-18 18:15:26', 23, 55, 1, 1),
(49, '2008-06-19 08:31:46', 19, 266, 3, 1),
(50, '2008-06-19 12:42:19', 5, 270, 1, 1),
(53, '2008-06-21 00:20:14', 17, 274, 1, 1),
(54, '2008-06-21 13:52:50', 29, 259, 1, 1),
(57, '2008-06-23 00:55:11', 11, 301, 1, 1),
(58, '2008-06-23 02:50:09', 16, 241, 1, 1),
(63, '2008-06-26 13:24:15', 19, 219, 1, 1),
(67, '2008-06-28 21:51:56', 20, 110, 1, 1),
(68, '2008-06-29 08:42:13', 14, 27, 1, 1),
(69, '2008-06-29 16:41:32', 15, 1, 1, 1),
(74, '2008-07-01 06:43:18', 22, 108, 1, 1),
(76, '2008-07-01 13:07:15', 10, 197, 1, 1),
(77, '2008-07-02 01:46:17', 14, 138, 1, 1),
(79, '2008-07-02 12:19:52', 7, 133, 4, 1),
(80, '2008-07-02 15:59:44', 14, 37, 1, 1),
(81, '2008-07-03 00:52:23', 30, 23, 1, 1),
(85, '2008-07-05 15:54:03', 21, 183, 3, 1),
(94, '2008-07-13 19:11:07', 12, 72, 4, 1),
(100, '2008-07-16 05:03:56', 20, 245, 1, 1),
(102, '2008-07-18 04:32:53', 4, 55, 1, 1),
(103, '2008-07-19 17:59:44', 5, 32, 1, 1),
(104, '2008-07-20 06:54:24', 14, 296, 1, 1),
(106, '2008-07-21 21:09:52', 23, 100, 1, 1),
(110, '2008-07-24 17:13:27', 11, 259, 1, 1),
(113, '2008-07-25 23:01:43', 5, 219, 1, 1),
(114, '2008-07-26 05:58:57', 27, 149, 1, 1),
(115, '2008-07-26 17:26:25', 18, 139, 1, 1),
(118, '2008-07-27 05:15:59', 25, 27, 1, 1),
(119, '2008-07-28 05:21:33', 7, 278, 1, 1),
(122, '2008-07-31 01:13:51', 20, 281, 1, 1),
(123, '2008-07-31 17:46:10', 30, 196, 1, 1),
(126, '2008-08-02 18:19:32', 23, 42, 1, 1),
(131, '2008-08-06 22:51:27', 7, 273, 1, 1),
(132, '2008-08-07 21:13:06', 26, 289, 1, 1),
(133, '2008-08-08 09:47:13', 14, 258, 1, 1),
(136, '2008-08-20 12:12:53', 19, 23, 1, 1),
(137, '2008-08-22 00:33:30', 22, 27, 1, 1),
(140, '2008-08-23 13:27:26', 3, 163, 4, 1),
(141, '2008-08-23 15:57:27', 5, 62, 1, 1),
(145, '2008-08-27 13:38:44', 24, 40, 1, 1),
(147, '2008-08-30 09:03:09', 6, 108, 1, 1),
(152, '2008-09-01 13:17:42', 22, 100, 1, 1),
(154, '2008-09-03 10:29:46', 12, 38, 1, 1),
(159, '2008-09-06 08:47:13', 24, 278, 1, 1),
(160, '2008-09-06 14:13:34', 21, 297, 1, 1),
(161, '2008-09-07 00:30:53', 11, 169, 2, 1),
(162, '2008-09-08 15:54:46', 30, 244, 1, 1),
(163, '2008-09-09 11:37:37', 21, 53, 1, 1),
(165, '2008-09-11 08:17:45', 23, 29, 1, 1),
(166, '2008-09-12 08:06:48', 8, 5, 1, 1),
(168, '2008-09-12 20:12:18', 22, 76, 1, 1),
(169, '2008-09-12 22:01:01', 25, 247, 1, 1),
(170, '2008-09-13 00:12:04', 8, 40, 1, 1),
(174, '2008-09-14 03:07:36', 4, 22, 1, 1),
(184, '2008-09-20 06:40:23', 16, 257, 1, 1),
(185, '2008-09-20 07:19:58', 9, 80, 10, 1),
(186, '2008-09-20 14:03:18', 6, 210, 1, 1),
(187, '2008-09-21 19:12:04', 21, 207, 10, 1),
(189, '2008-09-24 13:04:58', 14, 221, 1, 1),
(191, '2008-09-25 18:56:02', 22, 43, 1, 1),
(195, '2008-09-29 07:50:46', 27, 261, 1, 1),
(196, '2008-09-29 18:57:38', 2, 288, 1, 1),
(200, '2008-10-02 04:38:42', 6, 199, 1, 1),
(202, '2008-10-02 14:21:35', 10, 141, 1, 1),
(206, '2008-10-05 09:22:38', 2, 139, 1, 1),
(209, '2008-10-07 11:40:16', 30, 150, 1, 1),
(213, '2008-10-11 20:05:32', 23, 207, 1, 1),
(215, '2008-10-14 03:37:41', 5, 266, 1, 1),
(224, '2008-10-21 10:04:29', 15, 208, 1, 1),
(233, '2008-10-26 01:57:23', 7, 169, 4, 1),
(235, '2008-10-26 09:04:51', 28, 145, 1, 1),
(236, '2008-10-27 18:18:34', 15, 27, 10, 1),
(242, '2008-10-30 02:35:36', 20, 213, 1, 1),
(243, '2008-10-30 05:15:34', 7, 303, 1, 1),
(256, '2008-11-07 00:23:57', 27, 54, 1, 1),
(258, '2008-11-09 11:08:19', 20, 32, 1, 1),
(262, '2008-11-11 04:05:54', 26, 1, 1, 1),
(263, '2008-11-11 22:00:40', 4, 276, 1, 1),
(265, '2008-11-12 14:58:14', 3, 202, 1, 1),
(266, '2008-11-14 04:37:33', 27, 46, 1, 1),
(267, '2008-11-14 10:25:28', 17, 43, 1, 1),
(271, '2008-11-17 08:43:21', 14, 334, 1, 1),
(274, '2008-11-18 20:40:40', 30, 274, 1, 1),
(281, '2008-11-22 06:53:30', 24, 295, 1, 1),
(289, '2008-11-26 20:57:07', 2, 274, 1, 1),
(292, '2008-12-01 16:33:08', 7, 213, 1, 1),
(296, '2008-12-04 09:19:23', 29, 45, 1, 1),
(297, '2008-12-04 10:21:51', 23, 296, 1, 1),
(301, '2008-12-07 21:58:31', 17, 45, 1, 1),
(304, '2008-12-11 01:22:02', 25, 133, 15, 1),
(307, '2008-12-12 01:24:51', 8, 207, 6, 1),
(314, '2008-12-15 16:10:06', 22, 120, 1, 1),
(316, '2008-12-16 01:16:42', 8, 260, 1, 1),
(318, '2008-12-19 06:49:31', 22, 278, 1, 1),
(319, '2008-12-19 22:45:11', 14, 255, 1, 1),
(322, '2008-12-21 12:00:48', 19, 297, 1, 1),
(326, '2008-12-25 17:06:25', 2, 144, 1, 1),
(333, '2009-01-03 02:01:19', 4, 165, 1, 1),
(337, '2009-01-07 16:19:17', 2, 165, 1, 1),
(344, '2009-01-10 01:37:20', 27, 271, 1, 1),
(348, '2009-01-12 15:12:08', 22, 7, 1, 1),
(349, '2009-01-13 00:15:19', 1, 281, 1, 1),
(356, '2009-01-15 12:00:21', 17, 297, 1, 1),
(357, '2009-01-16 11:06:27', 23, 203, 1, 1),
(361, '2009-01-18 06:28:56', 14, 39, 1, 1),
(364, '2009-01-19 13:49:04', 24, 53, 1, 1),
(366, '2009-01-20 03:14:39', 30, 152, 1, 1),
(367, '2009-01-20 16:24:13', 23, 211, 1, 1),
(369, '2009-01-23 21:51:34', 6, 258, 1, 1),
(370, '2009-01-24 12:13:48', 28, 245, 1, 1),
(378, '2009-01-29 06:52:57', 16, 210, 1, 1),
(379, '2009-01-29 14:51:22', 25, 164, 1, 1),
(384, '2009-01-31 08:13:35', 18, 224, 1, 1),
(387, '2009-02-04 23:56:27', 3, 169, 10, 1),
(391, '2009-02-08 01:06:22', 7, 208, 2, 1),
(394, '2009-02-11 17:49:44', 26, 117, 1, 1),
(397, '2009-02-14 15:09:18', 3, 219, 1, 1),
(401, '2009-02-18 12:39:20', 1, 89, 1, 1),
(403, '2009-02-18 16:26:25', 15, 293, 1, 1),
(407, '2009-02-20 04:06:36', 11, 94, 1, 1),
(408, '2009-02-22 23:45:10', 9, 256, 1, 1),
(413, '2009-02-27 01:57:05', 18, 292, 1, 1),
(414, '2009-02-27 03:20:09', 6, 26, 1, 1),
(420, '2009-03-05 11:55:26', 2, 46, 1, 1),
(422, '2009-03-06 18:47:26', 3, 226, 1, 1),
(424, '2009-03-07 21:47:37', 8, 305, 1, 1),
(427, '2009-03-09 16:18:53', 28, 154, 1, 1),
(430, '2009-03-11 18:17:59', 9, 245, 1, 1),
(431, '2009-03-12 21:01:20', 3, 211, 1, 1),
(433, '2009-03-13 21:48:41', 2, 200, 1, 1),
(435, '2009-03-16 08:47:39', 26, 270, 1, 1),
(438, '2009-03-17 17:29:13', 26, 60, 1, 1),
(440, '2009-03-20 01:24:33', 5, 250, 1, 1),
(445, '2009-03-21 10:02:02', 21, 25, 1, 1),
(446, '2009-03-21 18:40:57', 13, 218, 1, 1),
(451, '2009-03-24 10:52:06', 6, 299, 1, 1),
(455, '2009-03-26 00:08:01', 23, 184, 1, 1),
(457, '2009-03-26 21:35:42', 21, 276, 1, 1),
(459, '2009-03-27 08:38:12', 27, 302, 1, 1),
(461, '2009-03-30 02:15:22', 21, 117, 1, 1),
(462, '2009-03-30 13:13:22', 28, 25, 1, 1),
(468, '2009-04-05 05:38:02', 9, 270, 1, 1),
(469, '2009-04-06 17:22:49', 8, 31, 1, 1),
(472, '2009-04-07 06:10:12', 11, 58, 1, 1),
(477, '2009-04-11 01:32:42', 19, 208, 1, 1),
(478, '2009-04-11 01:48:05', 21, 270, 1, 1),
(480, '2009-04-11 18:57:19', 30, 63, 1, 1),
(481, '2009-04-11 20:41:03', 26, 134, 1, 1),
(489, '2009-04-18 13:51:15', 14, 138, 1, 1),
(492, '2009-04-19 13:13:28', 28, 1, 1, 1),
(494, '2009-04-21 10:05:55', 5, 333, 1, 1),
(506, '2009-05-02 14:28:54', 7, 45, 1, 1),
(511, '2009-05-06 00:30:11', 21, 119, 1, 1),
(513, '2009-05-06 19:25:27', 28, 112, 1, 1),
(521, '2009-05-10 23:22:56', 26, 301, 1, 1),
(523, '2009-05-11 02:20:44', 24, 20, 1, 1),
(527, '2009-05-18 09:02:01', 5, 262, 1, 1),
(530, '2009-05-20 20:20:09', 26, 253, 1, 1),
(533, '2009-05-22 03:28:30', 22, 256, 1, 1),
(539, '2009-05-27 08:22:24', 9, 311, 1, 1),
(542, '2009-05-28 05:50:04', 8, 294, 1, 1),
(545, '2009-06-01 07:45:43', 11, 239, 1, 1),
(548, '2009-06-03 05:45:27', 30, 63, 1, 1),
(551, '2009-06-06 04:46:10', 8, 138, 1, 1),
(552, '2009-06-06 09:00:41', 3, 55, 1, 1),
(553, '2009-06-07 04:13:53', 7, 133, 5, 1),
(555, '2009-06-07 07:42:06', 23, 240, 1, 1),
(557, '2009-06-08 12:16:54', 11, 119, 1, 1),
(560, '2009-06-09 03:29:57', 27, 265, 1, 1),
(563, '2009-06-10 14:30:28', 26, 293, 1, 1),
(567, '2009-06-14 12:30:12', 15, 277, 1, 1),
(568, '2009-06-15 05:08:52', 7, 285, 1, 1),
(577, '2009-06-23 06:52:45', 19, 290, 1, 1),
(579, '2009-06-23 17:34:06', 2, 306, 1, 1),
(582, '2009-06-24 10:55:45', 22, 47, 1, 1),
(583, '2009-06-24 20:21:05', 24, 60, 1, 1),
(586, '2009-06-26 14:57:17', 18, 303, 1, 1),
(589, '2009-06-28 08:38:36', 24, 118, 1, 1),
(595, '2009-07-01 11:21:05', 10, 47, 1, 1),
(597, '2009-07-02 00:42:29', 2, 168, 1, 1),
(600, '2009-07-05 10:17:45', 20, 280, 1, 1),
(601, '2009-07-05 22:57:26', 20, 29, 1, 1),
(606, '2009-07-08 16:33:18', 5, 219, 1, 1),
(607, '2009-07-09 19:43:53', 10, 118, 1, 1),
(610, '2009-07-11 15:54:59', 5, 167, 1, 1),
(612, '2009-07-13 10:20:56', 19, 147, 1, 1),
(624, '2009-07-21 19:00:07', 18, 29, 1, 1),
(627, '2009-07-24 08:25:10', 22, 58, 1, 1),
(632, '2009-07-27 06:23:47', 21, 57, 1, 1),
(635, '2009-08-02 01:04:08', 14, 299, 1, 1),
(641, '2009-08-08 04:11:06', 12, 40, 1, 1),
(644, '2009-08-09 17:35:41', 11, 283, 1, 1),
(646, '2009-08-10 09:31:16', 19, 183, 1, 1),
(648, '2009-08-12 07:39:04', 22, 275, 1, 1),
(649, '2009-08-12 10:16:05', 23, 47, 1, 1),
(650, '2009-08-13 13:00:08', 28, 27, 1, 1),
(653, '2009-08-17 09:02:07', 2, 60, 1, 1),
(655, '2009-08-20 02:36:18', 2, 1, 1, 1),
(659, '2009-08-23 20:02:38', 1, 276, 1, 1),
(662, '2009-08-25 07:48:09', 4, 111, 1, 1),
(663, '2009-08-25 09:44:26', 2, 208, 1, 1),
(664, '2009-08-25 10:40:30', 26, 270, 1, 1),
(668, '2009-08-26 20:03:48', 7, 139, 1, 1),
(670, '2009-08-28 08:07:56', 22, 294, 1, 1),
(672, '2009-08-29 14:39:31', 14, 294, 1, 1),
(673, '2009-08-29 15:09:54', 16, 121, 1, 1),
(677, '2009-09-01 05:50:24', 20, 10, 3, 1),
(684, '2009-09-05 19:34:11', 27, 306, 1, 1),
(685, '2009-09-06 11:28:28', 19, 10, 1, 1),
(686, '2009-09-06 21:33:47', 19, 139, 1, 1),
(689, '2009-09-08 04:12:18', 8, 164, 1, 1),
(690, '2009-09-08 04:13:16', 18, 297, 1, 1),
(691, '2009-09-08 22:08:12', 7, 48, 1, 1),
(693, '2009-09-10 04:02:26', 25, 291, 1, 1),
(700, '2009-09-15 23:52:09', 28, 280, 1, 1),
(704, '2009-09-16 15:06:23', 22, 7, 2, 1),
(712, '2009-09-21 18:07:39', 28, 264, 1, 1),
(714, '2009-09-22 07:30:46', 10, 263, 1, 1),
(715, '2009-09-24 17:14:03', 29, 103, 1, 1),
(718, '2009-09-25 19:06:16', 10, 59, 1, 1),
(723, '2009-09-28 05:52:07', 26, 265, 2, 1),
(725, '2009-09-29 02:37:32', 28, 201, 1, 1),
(727, '2009-09-30 07:40:27', 6, 139, 1, 1),
(728, '2009-10-01 12:11:13', 28, 279, 1, 1),
(730, '2009-10-03 17:24:26', 4, 54, 1, 1),
(732, '2009-10-04 02:37:31', 20, 285, 1, 1),
(734, '2009-10-05 14:51:49', 22, 267, 1, 1),
(735, '2009-10-05 17:12:25', 21, 147, 1, 1),
(737, '2009-10-08 09:21:38', 27, 121, 1, 1),
(747, '2009-10-15 02:42:28', 20, 264, 1, 1),
(749, '2009-10-15 22:06:38', 13, 109, 1, 1),
(750, '2009-10-16 04:26:41', 24, 53, 1, 1),
(751, '2009-10-17 09:20:39', 21, 40, 1, 1),
(755, '2009-10-21 05:37:57', 14, 150, 1, 1),
(762, '2009-10-28 00:56:09', 9, 25, 1, 1),
(763, '2009-10-28 16:01:24', 9, 141, 1, 1),
(766, '2009-11-01 11:44:52', 2, 282, 1, 1),
(767, '2009-11-01 16:23:47', 16, 168, 1, 1),
(769, '2009-11-02 11:53:39', 8, 281, 1, 1),
(779, '2009-11-11 06:26:39', 9, 294, 1, 1),
(801, '2009-11-26 06:06:24', 1, 288, 1, 1),
(804, '2009-11-27 03:44:50', 25, 208, 1, 1),
(805, '2009-11-28 06:13:59', 12, 270, 1, 1),
(809, '2009-11-30 14:29:30', 2, 119, 1, 1),
(811, '2009-12-01 01:56:03', 6, 123, 1, 1),
(812, '2009-12-01 11:34:38', 4, 93, 1, 1),
(814, '2009-12-02 14:21:52', 28, 244, 1, 1),
(824, '2009-12-08 10:26:22', 8, 30, 1, 1),
(825, '2009-12-08 12:14:24', 27, 256, 1, 1),
(826, '2009-12-10 06:29:17', 21, 300, 1, 1),
(828, '2009-12-12 14:32:34', 21, 138, 1, 1),
(840, '2009-12-22 01:19:50', 25, 272, 1, 1),
(841, '2009-12-22 03:56:43', 12, 275, 1, 1),
(842, '2009-12-25 07:52:36', 22, 120, 1, 1),
(852, '2010-01-04 22:04:39', 27, 312, 1, 1),
(854, '2010-01-06 04:12:49', 7, 303, 1, 1),
(855, '2010-01-07 03:53:02', 3, 106, 1, 1),
(857, '2010-01-07 12:20:30', 9, 164, 1, 1),
(858, '2010-01-07 22:13:30', 9, 277, 1, 1),
(861, '2010-01-09 11:21:40', 23, 241, 1, 1),
(864, '2010-01-10 02:57:51', 16, 151, 1, 1),
(866, '2010-01-15 16:20:07', 15, 251, 1, 1),
(870, '2010-01-17 17:27:54', 20, 213, 1, 1),
(872, '2010-01-17 21:15:25', 16, 135, 1, 1),
(875, '2010-01-20 05:41:55', 1, 183, 1, 1),
(878, '2010-01-20 15:45:01', 3, 46, 1, 1),
(880, '2010-01-22 10:34:09', 25, 124, 1, 1),
(883, '2010-01-23 19:43:47', 19, 55, 1, 1),
(884, '2010-01-24 12:42:25', 2, 243, 1, 1),
(885, '2010-01-24 17:29:36', 17, 240, 1, 1),
(886, '2010-01-26 06:34:17', 4, 211, 1, 1),
(887, '2010-01-27 07:03:33', 16, 205, 1, 1),
(888, '2010-01-27 08:46:34', 11, 42, 1, 1),
(890, '2010-01-30 18:08:12', 16, 121, 1, 1),
(891, '2010-01-30 21:56:59', 2, 33, 1, 1),
(895, '2010-02-03 05:57:42', 26, 14, 1, 1),
(901, '2010-02-07 00:20:32', 15, 154, 10, 1),
(911, '2010-02-13 22:47:41', 18, 104, 1, 1),
(917, '2010-02-18 02:46:20', 6, 34, 1, 1),
(920, '2010-02-19 07:16:10', 8, 183, 9, 1),
(923, '2010-02-21 13:16:52', 28, 30, 1, 1),
(931, '2010-02-27 14:04:37', 13, 122, 1, 1),
(935, '2010-03-02 15:43:14', 10, 248, 3, 1),
(936, '2010-03-04 19:16:28', 22, 273, 1, 1),
(937, '2010-03-05 16:46:26', 3, 107, 1, 1),
(940, '2010-03-06 22:05:15', 21, 169, 1, 1),
(949, '2010-03-10 15:42:00', 24, 212, 1, 1),
(950, '2010-03-14 02:43:13', 7, 150, 1, 1),
(951, '2010-03-14 21:14:31', 13, 204, 1, 1),
(955, '2010-03-16 19:48:39', 13, 284, 1, 1),
(956, '2010-03-17 14:36:19', 6, 164, 1, 1),
(959, '2010-03-22 01:50:59', 22, 297, 1, 1),
(960, '2010-03-24 13:01:27', 16, 100, 1, 1),
(961, '2010-03-24 13:05:26', 12, 292, 1, 1),
(962, '2010-03-27 03:06:03', 9, 255, 1, 1),
(963, '2010-03-28 08:23:34', 9, 312, 1, 1),
(965, '2010-03-30 15:50:38', 6, 183, 1, 1),
(966, '2010-03-30 20:42:10', 24, 169, 1, 1),
(969, '2010-03-31 21:27:43', 3, 69, 3, 1),
(970, '2010-04-03 08:46:58', 4, 244, 1, 1),
(972, '2010-04-05 20:45:35', 1, 102, 1, 1),
(974, '2010-04-07 19:13:16', 14, 297, 1, 1),
(978, '2010-04-08 20:57:44', 18, 292, 1, 1),
(981, '2010-04-11 18:21:08', 6, 292, 1, 1),
(984, '2010-04-14 04:43:05', 6, 62, 1, 1),
(986, '2010-04-14 21:29:24', 22, 286, 1, 1),
(990, '2010-04-20 11:32:46', 3, 148, 1, 1),
(992, '2010-04-22 02:05:00', 16, 168, 1, 1),
(993, '2010-04-22 05:08:33', 13, 53, 1, 1),
(996, '2010-04-23 19:46:40', 12, 44, 1, 1),
(997, '2010-04-24 21:26:33', 11, 298, 1, 1),
(1003, '2010-05-01 07:36:22', 25, 258, 1, 1),
(1006, '2010-05-03 20:11:03', 10, 54, 1, 1),
(1009, '2010-05-04 22:55:35', 12, 305, 1, 1),
(1017, '2010-05-10 09:05:19', 4, 224, 1, 1),
(1018, '2010-05-10 10:43:50', 14, 279, 1, 1),
(1019, '2020-01-13 10:42:48', 22, 31, 4, 1);

-- --------------------------------------------------------

--
-- Table structure for table `users`
--

CREATE TABLE `users` (
  `id` int(11) NOT NULL,
  `name` varchar(50) COLLATE utf8_unicode_ci NOT NULL,
  `address` varchar(255) COLLATE utf8_unicode_ci NOT NULL,
  `email` varchar(50) COLLATE utf8_unicode_ci NOT NULL,
  `telephone` varchar(50) COLLATE utf8_unicode_ci DEFAULT NULL,
  `username` varchar(50) COLLATE utf8_unicode_ci DEFAULT NULL,
  `password` varchar(50) COLLATE utf8_unicode_ci DEFAULT NULL,
  `card_type` varchar(10) COLLATE utf8_unicode_ci NOT NULL,
  `card_number` char(16) COLLATE utf8_unicode_ci DEFAULT NULL,
  `card_expiration_date` date DEFAULT NULL,
  `level` int(11) NOT NULL
) ENGINE=InnoDB DEFAULT CHARSET=utf8 COLLATE=utf8_unicode_ci;

--
-- Dumping data for table `users`
--

INSERT INTO `users` (`id`, `name`, `address`, `email`, `telephone`, `username`, `password`, `card_type`, `card_number`, `card_expiration_date`, `level`) VALUES
(1, 'Maria Anders', 'Obere Str. 57, Berlin, Germany', 'maria@anders.com', '030-0074321', 'mariaa', '123', 'MASTER', '9685552955048108', '2008-12-01', 0),
(2, 'Ana Trujillo', 'Avda. de la Constitucin 2222, Mxico D.F., Mexico', 'ana@trujillo.com', '(5) 555-4729', 'anat', '', 'DC', '7137548613331896', '2006-07-01', 0),
(3, 'Antonio Moreno', 'Mataderos  2312, Mxico D.F., Mexico', 'antonio@moreno.com', '(5) 555-3932', 'antoniom', '', 'AMEX', '3241150510243417', '2006-04-01', 0),
(4, 'Thomas Hardy', '120 Hanover Sq., London, UK', 'thomas@hardy.com', '(171) 555-7788', 'thomash', '', 'JCB', '3231409901829076', '2007-10-01', 0),
(5, 'Christina Berglund', 'Berguvsvgen  8, Lule, Sweden', 'christina@berglund.com', '0921-12 34 65', 'christinab', '', 'VISA', '3506539769418877', '2008-02-01', 0),
(6, 'Hanna Moos', 'Forsterstr. 57, Mannheim, Germany', 'hanna@moos.com', '0621-08460', 'hannam', '', 'MASTER', '7950844694473237', '2008-09-01', 0),
(7, 'Frdrique Citeaux', '24, place Klber, Strasbourg, France', 'frdrique@citeaux.com', '88.60.15.31', 'frdriquec', '', 'MASTER', '1284135757839486', '2006-06-01', 0),
(8, 'Mart Sommer', 'C/ Araquil, 67, Madrid, Spain', 'mart@sommer.com', '(91) 555 22 82', 'marts', '', 'MASTER', '6560328312977182', '2006-02-01', 0),
(9, 'Laurence Lebihan', '12, rue des Bouchers, Marseille, France', 'laurence@lebihan.com', '91.24.45.40', 'laurencel', '', 'AMEX', '5603855041031528', '2006-11-01', 0),
(10, 'Elizabeth Lincoln', '23 Tsawassen Blvd., Tsawassen, BC, Canada', 'elizabeth@lincoln.com', '(604) 555-4729', 'elizabethl', '', 'AMEX', '4256774167398116', '2010-02-01', 0),
(11, 'Victoria Ashworth', 'Fauntleroy Circus, London, UK', 'victoria@ashworth.com', '(171) 555-1212', 'victoriaa', '', 'AMEX', '8641900465448835', '2008-02-01', 0),
(12, 'Patricio Simpson', 'Cerrito 333, Buenos Aires, Argentina', 'patricio@simpson.com', '(1) 135-5555', 'patricios', '', 'AMEX', '9310907292827379', '2009-02-01', 0),
(13, 'Francisco Chang', 'Sierras de Granada 9993, Mxico D.F., Mexico', 'francisco@chang.com', '(5) 555-3392', 'franciscoc', '', 'DC', '0740234179783155', '2009-08-01', 0),
(14, 'Yang Wang', 'Hauptstr. 29, Bern, Switzerland', 'yang@wang.com', '0452-076545', 'yangw', '', 'JCB', '3304265803603032', '2006-08-01', 0),
(15, 'Pedro Afonso', 'Av. dos Lus}das, 23, So Paulo, SP, Brazil', 'pedro@afonso.com', '(11) 555-7647', 'pedroa', '', 'DC', '6665651716696654', '2006-02-01', 0),
(16, 'Elizabeth Brown', 'Berkeley Gardens\r\n 12  Brewery, London, UK', 'elizabeth@brown.com', '(171) 555-2282', 'elizabethb', '', 'VISA', '9854451540754379', '2010-12-01', 0),
(17, 'Sven Ottlieb', 'Walserweg 21, Aachen, Germany', 'sven@ottlieb.com', '0241-039123', 'sveno', '', 'AMEX', '0389716785008318', '2008-11-01', 0),
(18, 'Janine Labrune', '67, rue des Cinquante Otages, Nantes, France', 'janine@labrune.com', '40.67.88.88', 'janinel', '', 'VISA', '0169119626841561', '2008-11-01', 0),
(19, 'Ann Devon', '35 King George, London, UK', 'ann@devon.com', '(171) 555-0297', 'annd', '', 'AMEX', '3870221898835974', '2008-12-01', 0),
(20, 'Roland Mendel', 'Kirchgasse 6, Graz, Austria', 'roland@mendel.com', '7675-3425', 'rolandm', '', 'VISA', '7592166394300573', '2008-03-01', 0),
(21, 'Aria Cruz', 'Rua Ors, 92, So Paulo, SP, Brazil', 'aria@cruz.com', '(11) 555-9857', 'ariac', '', 'AMEX', '5301911287509819', '2008-01-01', 0),
(22, 'Diego Roel', 'C/ Moralzarzal, 86, Madrid, Spain', 'diego@roel.com', '(91) 555 94 44', 'diegor', '', 'VISA', '0049452683910856', '2006-09-01', 0),
(23, 'Martine Ranc', '184, chausse de Tournai, Lille, France', 'martine@ranc.com', '20.16.10.16', 'martiner', '', 'VISA', '7650809250138220', '2009-09-01', 0),
(24, 'Maria Larsson', 'kergatan 24, Brcke, Sweden', 'maria@larsson.com', '0695-34 67 21', 'marial', '', 'AMEX', '4032593846229886', '2010-02-01', 0),
(25, 'Peter Franken', 'Berliner Platz 43, Mechen, Germany', 'peter@franken.com', '089-0877310', 'peterf', '', 'DC', '1566803613371698', '2010-07-01', 0),
(26, 'Carine Schmitt', '54, rue Royale, Nantes, France', 'carine@schmitt.com', '40.32.21.21', 'carines', '', 'MASTER', '2336441665299806', '2007-04-01', 0),
(27, 'Paolo Accorti', 'Via Monte Bianco 34, Torino, Italy', 'paolo@accorti.com', '011-4988260', 'paoloa', '', 'JCB', '1451558968829240', '2010-04-01', 0),
(28, 'Lino Rodriguez', 'Jardim das rosas n. 32, Lisboa, Portugal', 'lino@rodriguez.com', '(1) 354-2534', 'linor', '', 'JCB', '3395775586949677', '2008-03-01', 0),
(29, 'Eduardo Saavedra', 'Rambla de Catalua, 23, Barcelona, Spain', 'eduardo@saavedra.com', '(93) 203 4560', 'eduardos', '', 'JCB', '8798143585769144', '2008-04-01', 0),
(30, 'Jose Pedro Freyre', 'C/ Romero, 33, Sevilla, Spain', 'jose@pedrofreyre.com', '(95) 555 82 82', 'josepe', '', 'MASTER', '2292920534407666', '2007-03-01', 0),
(31, 'lattaphon', 'nongbuathong', 'lattaphonair@gmail.com', '020 29907999', 'admin', '123123', 'mastercard', '12345678', '2030-10-10', 0);

--
-- Indexes for dumped tables
--

--
-- Indexes for table `booking`
--
ALTER TABLE `booking`
  ADD PRIMARY KEY (`id`),
  ADD KEY `booking_to_product` (`product_id`),
  ADD KEY `booking_to_user` (`user_id`);

--
-- Indexes for table `category`
--
ALTER TABLE `category`
  ADD PRIMARY KEY (`id`);

--
-- Indexes for table `product`
--
ALTER TABLE `product`
  ADD PRIMARY KEY (`id`),
  ADD KEY `product_to_category` (`category_id`);

--
-- Indexes for table `sales`
--
ALTER TABLE `sales`
  ADD PRIMARY KEY (`id`),
  ADD KEY `sales_to_product` (`product_id`),
  ADD KEY `sales_to_user` (`user_id`);

--
-- Indexes for table `users`
--
ALTER TABLE `users`
  ADD PRIMARY KEY (`id`);

--
-- AUTO_INCREMENT for dumped tables
--

--
-- AUTO_INCREMENT for table `booking`
--
ALTER TABLE `booking`
  MODIFY `id` int(11) NOT NULL AUTO_INCREMENT, AUTO_INCREMENT=3;

--
-- AUTO_INCREMENT for table `category`
--
ALTER TABLE `category`
  MODIFY `id` int(11) NOT NULL AUTO_INCREMENT, AUTO_INCREMENT=63;

--
-- AUTO_INCREMENT for table `product`
--
ALTER TABLE `product`
  MODIFY `id` int(11) NOT NULL AUTO_INCREMENT, AUTO_INCREMENT=354;

--
-- AUTO_INCREMENT for table `sales`
--
ALTER TABLE `sales`
  MODIFY `id` int(11) NOT NULL AUTO_INCREMENT, AUTO_INCREMENT=1020;

--
-- AUTO_INCREMENT for table `users`
--
ALTER TABLE `users`
  MODIFY `id` int(11) NOT NULL AUTO_INCREMENT, AUTO_INCREMENT=32;

--
-- Constraints for dumped tables
--

--
-- Constraints for table `booking`
--
ALTER TABLE `booking`
  ADD CONSTRAINT `booking_to_product` FOREIGN KEY (`product_id`) REFERENCES `product` (`id`),
  ADD CONSTRAINT `booking_to_user` FOREIGN KEY (`user_id`) REFERENCES `users` (`id`);

--
-- Constraints for table `product`
--
ALTER TABLE `product`
  ADD CONSTRAINT `product_to_category` FOREIGN KEY (`category_id`) REFERENCES `category` (`id`);

--
-- Constraints for table `sales`
--
ALTER TABLE `sales`
  ADD CONSTRAINT `sales_to_product` FOREIGN KEY (`product_id`) REFERENCES `product` (`id`),
  ADD CONSTRAINT `sales_to_user` FOREIGN KEY (`user_id`) REFERENCES `users` (`id`);
COMMIT;

